lecture_year,semester,professor_name,subject_name,division_code,lecture_place,capacity,language,is_english,note,syllabus_url,created_at,subject_code
2025,1,송주빈,확률및랜덤변수(컴퓨터공학과),EE211-00,전220,60,한국어,FALSE,,https://sugang.khu.ac.kr/core?attribute=lectPlan&p_year=2025&p_term=10&p_teach=004463&p_code=EE21100&p_subjt=EE211&lang=ko&loginYn=N&schedule_cd=hakbu&fake=1747724051679,2025-05-27 14:25,EE211
2025,1,한치근,알고리즘,CSE304-00,B01,52,한국어,FALSE,선수과목:자료구조 / 본인 노트북으로 실습(필요시 대여 가능),https://sugang.khu.ac.kr/core?attribute=lectPlan&p_year=2025&p_term=10&p_teach=006189&p_code=CSE30400&p_subjt=CSE304&lang=ko&loginYn=N&schedule_cd=hakbu&fake=1747724053691,2025-05-27 14:25,CSE304
2025,1,이성원,웹/파이선프로그래밍(컴퓨터공학과),SWCON104-00,전205,150,영어(부분),TRUE,본인 노트북으로 실습 (필요시 대여 가능),https://sugang.khu.ac.kr/core?attribute=lectPlan&p_year=2025&p_term=10&p_teach=011186&p_code=SWCON10400&p_subjt=SWCON104&lang=ko&loginYn=N&schedule_cd=hakbu&fake=1747724055719,2025-05-27 14:25,SWCON104
2025,1,이성원,컴퓨터네트워크,CSE302-00,전136,61,영어(부분),TRUE,,https://sugang.khu.ac.kr/core?attribute=lectPlan&p_year=2025&p_term=10&p_teach=011186&p_code=CSE30200&p_subjt=CSE302&lang=ko&loginYn=N&schedule_cd=hakbu&fake=1747724057724,2025-05-27 14:25,CSE302
2025,1,이성원,마이크로서비스프로그래밍(컴퓨터공학과),SWCON221-00,B09,60,영어(부분),TRUE,본인 노트북으로 실습 (필요시 대여 가능),https://sugang.khu.ac.kr/core?attribute=lectPlan&p_year=2025&p_term=10&p_teach=011186&p_code=SWCON22100&p_subjt=SWCON221&lang=ko&loginYn=N&schedule_cd=hakbu&fake=1747724059760,2025-05-27 14:25,SWCON221
2025,1,이성원,풀스택서비스프로그래밍(컴퓨터공학과),SWCON370-00,B05,30,한국어,FALSE,디자인소프트웨어 마이크로디그리 교과목,https://sugang.khu.ac.kr/core?attribute=lectPlan&p_year=2025&p_term=10&p_teach=011186&p_code=SWCON37000&p_subjt=SWCON370&lang=ko&loginYn=N&schedule_cd=hakbu&fake=1747724061776,2025-05-27 14:25,SWCON370
2025,1,이성원,풀스택서비스네트워킹(컴퓨터공학과),SWCON492-00,전136,60,한국어,FALSE,XR입출력기술 마이크로디그리 교과목,https://sugang.khu.ac.kr/core?attribute=lectPlan&p_year=2025&p_term=10&p_teach=011186&p_code=SWCON49200&p_subjt=SWCON492&lang=ko&loginYn=N&schedule_cd=hakbu&fake=1747724063778,2025-05-27 14:25,SWCON492
2025,1,이성원,오픈소스SW개발방법및도구(컴퓨터공학과),SWCON201-00,전205,150,영어(부분),TRUE,,https://sugang.khu.ac.kr/core?attribute=lectPlan&p_year=2025&p_term=10&p_teach=011186&p_code=SWCON20100&p_subjt=SWCON201&lang=ko&loginYn=N&schedule_cd=hakbu&fake=1747724065809,2025-05-27 14:25,SWCON201
2025,1,홍인기,확률및랜덤변수(컴퓨터공학과),EE211-05,전220,60,한국어,FALSE,,https://sugang.khu.ac.kr/core?attribute=lectPlan&p_year=2025&p_term=10&p_teach=014891&p_code=EE21105&p_subjt=EE211&lang=ko&loginYn=N&schedule_cd=hakbu&fake=1747724067830,2025-05-27 14:25,EE211
2025,1,이대호,객체지향프로그래밍,CSE103-01,온라인,150,한국어,FALSE,"소프트웨어융합대학/전자공학과 전공(다전공 포함) 학생은 수강 불가, 시험은 7주차(4월 21일)/15주차(6월16일) 월요일 18:30~20:00 대면으로 전자정보관에서 진행 (본인 노트북으로 실시, 필요시 노트북 대여 가능, 타 과목과 시험이 중복되어도 시간 변동 없음), 실감미디어기술 마이크로디그리 교과목",https://sugang.khu.ac.kr/core?attribute=lectPlan&p_year=2025&p_term=10&p_teach=015184&p_code=CSE10301&p_subjt=CSE103&lang=ko&loginYn=N&schedule_cd=hakbu&fake=1747724069868,2025-05-27 14:25,CSE103
2025,1,이대호,게임그래픽프로그래밍(컴퓨터공학과),SWCON311-00,B06,50,한국어,FALSE,메타버스 마이크로디그리 교과목,https://sugang.khu.ac.kr/core?attribute=lectPlan&p_year=2025&p_term=10&p_teach=015184&p_code=SWCON31100&p_subjt=SWCON311&lang=ko&loginYn=N&schedule_cd=hakbu&fake=1747724071885,2025-05-27 14:25,SWCON311
2025,1,이대호,객체지향프로그래밍,CSE103-00,전205,150,한국어,FALSE,"본인 노트북으로 실습 (필요시 대여 가능), 실감미디어기술 마이크로디그리 교과목",https://sugang.khu.ac.kr/core?attribute=lectPlan&p_year=2025&p_term=10&p_teach=015184&p_code=CSE10300&p_subjt=CSE103&lang=ko&loginYn=N&schedule_cd=hakbu&fake=1747724073891,2025-05-27 14:25,CSE103
2025,1,유인태,컴퓨터네트워크,CSE302-02,전137,40,한국어,FALSE,,https://sugang.khu.ac.kr/core?attribute=lectPlan&p_year=2025&p_term=10&p_teach=015327&p_code=CSE30202&p_subjt=CSE302&lang=ko&loginYn=N&schedule_cd=hakbu&fake=1747724075091,2025-05-27 14:25,CSE302
2025,1,이계산,확률및랜덤변수(컴퓨터공학과),EE211-01,전226,60,한국어,FALSE,,https://sugang.khu.ac.kr/core?attribute=lectPlan&p_year=2025&p_term=10&p_teach=021795&p_code=EE21101&p_subjt=EE211&lang=ko&loginYn=N&schedule_cd=hakbu&fake=1747724075910,2025-05-27 14:25,EE211
2025,1,이영구,빅데이터마이닝(컴퓨터공학과),AI3004-00,전103,60,한국어,FALSE,빅데이터분석 마이크로디그리 과목,https://sugang.khu.ac.kr/core?attribute=lectPlan&p_year=2025&p_term=10&p_teach=022334&p_code=AI300400&p_subjt=AI3004&lang=ko&loginYn=N&schedule_cd=hakbu&fake=1747724076677,2025-05-27 14:25,AI3004
2025,1,이영구,데이터베이스,CSE305-00,B07,67,한국어,FALSE,본인 노트북으로 실습 (필요시 대여 가능),https://sugang.khu.ac.kr/core?attribute=lectPlan&p_year=2025&p_term=10&p_teach=022334&p_code=CSE30500&p_subjt=CSE305&lang=ko&loginYn=N&schedule_cd=hakbu&fake=1747724077475,2025-05-27 14:25,CSE305
2025,1,이영구,캡스톤디자인,CSE406-02,B09,8,한국어,FALSE,선수과목:디자인적사고 / 3학년 2학기부터 수강허용 OT 개별교수님 안내에 따름,https://sugang.khu.ac.kr/core?attribute=lectPlan&p_year=2025&p_term=10&p_teach=022334&p_code=CSE40602&p_subjt=CSE406&lang=ko&loginYn=N&schedule_cd=hakbu&fake=1747724078244,2025-05-27 14:25,CSE406
2025,1,이영구,독립심화학습1(컴퓨터공학),CSE495-04,,1,한국어,FALSE,지도교수를 통해 별도로 신청한 학생들만 신청 가능(박*우),https://sugang.khu.ac.kr/core?attribute=lectPlan&p_year=2025&p_term=10&p_teach=022334&p_code=CSE49504&p_subjt=CSE495&lang=ko&loginYn=N&schedule_cd=hakbu&fake=1747724079064,2025-05-27 14:25,CSE495
2025,1,김윤희,확률및랜덤변수(컴퓨터공학과),EE211-02,전226,60,한국어,FALSE,,https://sugang.khu.ac.kr/core?attribute=lectPlan&p_year=2025&p_term=10&p_teach=023209&p_code=EE21102&p_subjt=EE211&lang=ko&loginYn=N&schedule_cd=hakbu&fake=1747724080352,2025-05-27 14:25,EE211
2025,1,허의남,캡스톤디자인,CSE406-03,B09,8,한국어,FALSE,선수과목:디자인적사고 / 3학년 2학기부터 수강허용 OT 개별교수님 안내에 따름,https://sugang.khu.ac.kr/core?attribute=lectPlan&p_year=2025&p_term=10&p_teach=024580&p_code=CSE40603&p_subjt=CSE406&lang=ko&loginYn=N&schedule_cd=hakbu&fake=1747724081390,2025-05-27 14:25,CSE406
2025,1,허의남,연구연수활동1(컴퓨터공학),CSE496-07,,1,한국어,FALSE,지도교수를 통해 별도로 신청한 학생들만 신청 가능(우*진),https://sugang.khu.ac.kr/core?attribute=lectPlan&p_year=2025&p_term=10&p_teach=024580&p_code=CSE49607&p_subjt=CSE496&lang=ko&loginYn=N&schedule_cd=hakbu&fake=1747724082423,2025-05-27 14:25,CSE496
2025,1,허의남,AI네트워킹,CSE443-00,B06,50,한국어,FALSE,,https://sugang.khu.ac.kr/core?attribute=lectPlan&p_year=2025&p_term=10&p_teach=024580&p_code=CSE44300&p_subjt=CSE443&lang=ko&loginYn=N&schedule_cd=hakbu&fake=1747724083424,2025-05-27 14:25,CSE443
2025,1,김규헌,신호와시스템(컴퓨터공학과),EE210-00,전220,60,한국어,FALSE,,https://sugang.khu.ac.kr/core?attribute=lectPlan&p_year=2025&p_term=10&p_teach=025249&p_code=EE21000&p_subjt=EE210&lang=ko&loginYn=N&schedule_cd=hakbu&fake=1747724084541,2025-05-27 14:25,EE210
2025,1,유재수,논리회로(컴퓨터공학과),EE209-02,전226,55,한국어,FALSE,,https://sugang.khu.ac.kr/core?attribute=lectPlan&p_year=2025&p_term=10&p_teach=026088&p_code=EE20902&p_subjt=EE209&lang=ko&loginYn=N&schedule_cd=hakbu&fake=1747724085502,2025-05-27 14:25,EE209
2025,1,이상훈,자료구조,CSE204-00,전136,60,한국어,FALSE,"선수과목:객체지향프로그래밍/노트북으로 실습, Visual Studio 환경 설정 필수",https://sugang.khu.ac.kr/core?attribute=lectPlan&p_year=2025&p_term=10&p_teach=033491&p_code=CSE20400&p_subjt=CSE204&lang=ko&loginYn=N&schedule_cd=hakbu&fake=1747724086423,2025-05-27 14:25,CSE204
2025,1,김범석,운영체제,CSE301-01,B09,90,한국어,FALSE,,https://sugang.khu.ac.kr/core?attribute=lectPlan&p_year=2025&p_term=10&p_teach=033495&p_code=CSE30101&p_subjt=CSE301&lang=ko&loginYn=N&schedule_cd=hakbu&fake=1747724087435,2025-05-27 14:25,CSE301
2025,1,안기옥,모바일/웹서비스프로그래밍,CSE450-00,B05,40,한국어,FALSE,산학필수 과목,https://sugang.khu.ac.kr/core?attribute=lectPlan&p_year=2025&p_term=10&p_teach=037046&p_code=CSE45000&p_subjt=CSE450&lang=ko&loginYn=N&schedule_cd=hakbu&fake=1747724088384,2025-05-27 14:25,CSE450
2025,1,전석희,UI/UX프로그래밍,CSE224-00,B07,65,영어(부분),TRUE,실감미디어기술 마이크로디그리 교과목,https://sugang.khu.ac.kr/core?attribute=lectPlan&p_year=2025&p_term=10&p_teach=038168&p_code=CSE22400&p_subjt=CSE224&lang=ko&loginYn=N&schedule_cd=hakbu&fake=1747724089527,2025-05-27 14:25,CSE224
2025,1,전석희,캡스톤디자인,CSE406-05,B09,8,한국어,FALSE,선수과목:디자인적사고 / 3학년 2학기부터 수강허용 OT 개별교수님 안내에 따름,https://sugang.khu.ac.kr/core?attribute=lectPlan&p_year=2025&p_term=10&p_teach=038168&p_code=CSE40605&p_subjt=CSE406&lang=ko&loginYn=N&schedule_cd=hakbu&fake=1747724090444,2025-05-27 14:25,CSE406
2025,1,이승규,디자인적사고(컴퓨터공학과),SWCON103-00,전211-1,54,한국어,FALSE,디자인소프트웨어 마이크로디그리 교과목,https://sugang.khu.ac.kr/core?attribute=lectPlan&p_year=2025&p_term=10&p_teach=039542&p_code=SWCON10300&p_subjt=SWCON103&lang=ko&loginYn=N&schedule_cd=hakbu&fake=1747724091225,2025-05-27 14:25,SWCON103
2025,1,이승규,캡스톤디자인,CSE406-01,B09,8,한국어,FALSE,선수과목:디자인적사고 / 3학년 2학기부터 수강허용 OT 개별교수님 안내에 따름,https://sugang.khu.ac.kr/core?attribute=lectPlan&p_year=2025&p_term=10&p_teach=039542&p_code=CSE40601&p_subjt=CSE406&lang=ko&loginYn=N&schedule_cd=hakbu&fake=1747724092067,2025-05-27 14:25,CSE406
2025,1,이승규,컴퓨터그래픽스,CSE428-00,전309,40,한국어,FALSE,실감미디어기술 마이크로디그리 교과목,https://sugang.khu.ac.kr/core?attribute=lectPlan&p_year=2025&p_term=10&p_teach=039542&p_code=CSE42800&p_subjt=CSE428&lang=ko&loginYn=N&schedule_cd=hakbu&fake=1747724092818,2025-05-27 14:25,CSE428
2025,1,강선무,캡스톤디자인,CSE406-04,B09,14,한국어,FALSE,선수과목:디자인적사고 / 3학년 2학기부터 수강허용 OT 개별교수님 안내에 따름,https://sugang.khu.ac.kr/core?attribute=lectPlan&p_year=2025&p_term=10&p_teach=043181&p_code=CSE40604&p_subjt=CSE406&lang=ko&loginYn=N&schedule_cd=hakbu&fake=1747724094538,2025-05-27 14:25,CSE406
2025,1,진성욱,최신기술콜로키움1,CSE438-00,전205,154,한국어,FALSE,산학필수 과목,https://sugang.khu.ac.kr/core?attribute=lectPlan&p_year=2025&p_term=10&p_teach=045483&p_code=CSE43800&p_subjt=CSE438&lang=ko&loginYn=N&schedule_cd=hakbu&fake=1747724096548,2025-05-27 14:25,CSE438
2025,1,배성호,캡스톤디자인,CSE406-06,B09,8,한국어,FALSE,선수과목:디자인적사고 / 3학년 2학기부터 수강허용 OT 개별교수님 안내에 따름,https://sugang.khu.ac.kr/core?attribute=lectPlan&p_year=2025&p_term=10&p_teach=047387&p_code=CSE40606&p_subjt=CSE406&lang=ko&loginYn=N&schedule_cd=hakbu&fake=1747724098569,2025-05-27 14:25,CSE406
2025,1,배성호,연구연수활동1(컴퓨터공학),CSE496-02,,1,한국어,FALSE,지도교수를 통해 별도로 신청한 학생들만 신청 가능(이*성),https://sugang.khu.ac.kr/core?attribute=lectPlan&p_year=2025&p_term=10&p_teach=047387&p_code=CSE49602&p_subjt=CSE496&lang=ko&loginYn=N&schedule_cd=hakbu&fake=1747724100583,2025-05-27 14:25,CSE496
2025,1,배성호,연구연수활동1(컴퓨터공학),CSE496-04,,1,한국어,FALSE,지도교수를 통해 별도로 신청한 학생들만 신청 가능(김*범),https://sugang.khu.ac.kr/core?attribute=lectPlan&p_year=2025&p_term=10&p_teach=047387&p_code=CSE49604&p_subjt=CSE496&lang=ko&loginYn=N&schedule_cd=hakbu&fake=1747724102601,2025-05-27 14:25,CSE496
2025,1,배성호,연구연수활동1(컴퓨터공학),CSE496-05,,1,한국어,FALSE,지도교수를 통해 별도로 신청한 학생들만 신청 가능(김*건),https://sugang.khu.ac.kr/core?attribute=lectPlan&p_year=2025&p_term=10&p_teach=047387&p_code=CSE49605&p_subjt=CSE496&lang=ko&loginYn=N&schedule_cd=hakbu&fake=1747724104634,2025-05-27 14:25,CSE496
2025,1,배성호,연구연수활동1(컴퓨터공학),CSE496-00,,1,한국어,FALSE,지도교수를 통해 별도로 신청한 학생들만 신청 가능(엄*진),https://sugang.khu.ac.kr/core?attribute=lectPlan&p_year=2025&p_term=10&p_teach=047387&p_code=CSE49600&p_subjt=CSE496&lang=ko&loginYn=N&schedule_cd=hakbu&fake=1747724106639,2025-05-27 14:25,CSE496
2025,1,배성호,연구연수활동1(컴퓨터공학),CSE496-03,,1,한국어,FALSE,지도교수를 통해 별도로 신청한 학생들만 신청 가능(이*수),https://sugang.khu.ac.kr/core?attribute=lectPlan&p_year=2025&p_term=10&p_teach=047387&p_code=CSE49603&p_subjt=CSE496&lang=ko&loginYn=N&schedule_cd=hakbu&fake=1747724108682,2025-05-27 14:25,CSE496
2025,1,배성호,독립심화학습1(컴퓨터공학),CSE495-07,,1,한국어,FALSE,지도교수를 통해 별도로 신청한 학생들만 신청 가능(LU*),https://sugang.khu.ac.kr/core?attribute=lectPlan&p_year=2025&p_term=10&p_teach=047387&p_code=CSE49507&p_subjt=CSE495&lang=ko&loginYn=N&schedule_cd=hakbu&fake=1747724110707,2025-05-27 14:25,CSE495
2025,1,배성호,독립심화학습1(컴퓨터공학),CSE495-06,,1,한국어,FALSE,지도교수를 통해 별도로 신청한 학생들만 신청 가능(김*범),https://sugang.khu.ac.kr/core?attribute=lectPlan&p_year=2025&p_term=10&p_teach=047387&p_code=CSE49506&p_subjt=CSE495&lang=ko&loginYn=N&schedule_cd=hakbu&fake=1747724112724,2025-05-27 14:25,CSE495
2025,1,배성호,독립심화학습1(컴퓨터공학),CSE495-01,,1,한국어,FALSE,지도교수를 통해 별도로 신청한 학생들만 신청 가능(엄*진),https://sugang.khu.ac.kr/core?attribute=lectPlan&p_year=2025&p_term=10&p_teach=047387&p_code=CSE49501&p_subjt=CSE495&lang=ko&loginYn=N&schedule_cd=hakbu&fake=1747724114731,2025-05-27 14:25,CSE495
2025,1,배성호,독립심화학습1(컴퓨터공학),CSE495-05,,1,한국어,FALSE,지도교수를 통해 별도로 신청한 학생들만 신청 가능(이*수),https://sugang.khu.ac.kr/core?attribute=lectPlan&p_year=2025&p_term=10&p_teach=047387&p_code=CSE49505&p_subjt=CSE495&lang=ko&loginYn=N&schedule_cd=hakbu&fake=1747724116750,2025-05-27 14:25,CSE495
2025,1,배성호,딥러닝,CSE331-00,전136,60,영어(부분),TRUE,인공지능이론 마이크로디그리 교과목,https://sugang.khu.ac.kr/core?attribute=lectPlan&p_year=2025&p_term=10&p_teach=047387&p_code=CSE33100&p_subjt=CSE331&lang=ko&loginYn=N&schedule_cd=hakbu&fake=1747724118763,2025-05-27 14:25,CSE331
2025,1,김재홍,클라우드컴퓨팅,CSE335-00,글405,65,한국어,FALSE,산학필수 과목,https://sugang.khu.ac.kr/core?attribute=lectPlan&p_year=2025&p_term=10&p_teach=047818&p_code=CSE33500&p_subjt=CSE335&lang=ko&loginYn=N&schedule_cd=hakbu&fake=1747724119587,2025-05-27 14:25,CSE335
2025,1,김정윤,컴퓨터네트워크,CSE302-01,전137,44,한국어,FALSE,본인 노트북으로 실습 (필요시 대여 가능),https://sugang.khu.ac.kr/core?attribute=lectPlan&p_year=2025&p_term=10&p_teach=049571&p_code=CSE30201&p_subjt=CSE302&lang=ko&loginYn=N&schedule_cd=hakbu&fake=1747724120197,2025-05-27 14:25,CSE302
2025,1,김정윤,AIoT네트워크,CSE444-00,137,40,한국어,FALSE,,https://sugang.khu.ac.kr/core?attribute=lectPlan&p_year=2025&p_term=10&p_teach=049571&p_code=CSE44400&p_subjt=CSE444&lang=ko&loginYn=N&schedule_cd=hakbu&fake=1747724120784,2025-05-27 14:25,CSE444
2025,1,김휘용,캡스톤디자인,CSE406-00,B09,8,한국어,FALSE,선수과목:디자인적사고 / 3학년 2학기부터 수강허용 OT 개별교수님 안내에 따름,https://sugang.khu.ac.kr/core?attribute=lectPlan&p_year=2025&p_term=10&p_teach=052980&p_code=CSE40600&p_subjt=CSE406&lang=ko&loginYn=N&schedule_cd=hakbu&fake=1747724121565,2025-05-27 14:25,CSE406
2025,1,김휘용,독립심화학습1(컴퓨터공학),CSE495-03,,1,한국어,FALSE,지도교수를 통해 별도로 신청한 학생들만 신청 가능(김*욱),https://sugang.khu.ac.kr/core?attribute=lectPlan&p_year=2025&p_term=10&p_teach=052980&p_code=CSE49503&p_subjt=CSE495&lang=ko&loginYn=N&schedule_cd=hakbu&fake=1747724122269,2025-05-27 14:25,CSE495
2025,1,김휘용,영상처리,CSE426-00,전103,60,영어(부분),TRUE,XR입출력기술 마이크로디그리 교과목,https://sugang.khu.ac.kr/core?attribute=lectPlan&p_year=2025&p_term=10&p_teach=052980&p_code=CSE42600&p_subjt=CSE426&lang=ko&loginYn=N&schedule_cd=hakbu&fake=1747724122977,2025-05-27 14:25,CSE426
2025,1,김휘용,기계학습(컴퓨터공학과),SWCON253-01,B09,80,영어(부분),TRUE,"* 필수 선이수 교과: 웹/파이선프로그래밍, 미적분학, 선형대수 / * 권장 선이수 교과: 확률및랜덤변수, 인공지능수학, 인공지능프로그래밍 / 인공지능이론 마이크로디고리 과목명",https://sugang.khu.ac.kr/core?attribute=lectPlan&p_year=2025&p_term=10&p_teach=052980&p_code=SWCON25301&p_subjt=SWCON253&lang=ko&loginYn=N&schedule_cd=hakbu&fake=1747724123751,2025-05-27 14:25,SWCON253
2025,1,김태연,데이터베이스,CSE305-01,B01,54,한국어,FALSE,본인 노트북으로 실습 (필요시 대여 가능),https://sugang.khu.ac.kr/core?attribute=lectPlan&p_year=2025&p_term=10&p_teach=053197&p_code=CSE30501&p_subjt=CSE305&lang=ko&loginYn=N&schedule_cd=hakbu&fake=1747724124350,2025-05-27 14:25,CSE305
2025,1,이원희,기계학습(컴퓨터공학과),SWCON253-00,B09,60,영어(부분),TRUE,"* 필수 선이수 교과: 웹/파이선프로그래밍, 미적분학, 선형대수 / * 권장 선이수 교과: 확률및랜덤변수, 인공지능수학, 인공지능프로그래밍 / 인공지능이론 마이크로디고리 과목명",https://sugang.khu.ac.kr/core?attribute=lectPlan&p_year=2025&p_term=10&p_teach=054270&p_code=SWCON25300&p_subjt=SWCON253&lang=ko&loginYn=N&schedule_cd=hakbu&fake=1747724125019,2025-05-27 14:25,SWCON253
2025,1,황효석,3D데이터처리(컴퓨터공학과),SWCON366-00,전137,40,영어(부분),TRUE,본인 노트북으로 실습 (필요시 대여 가능) / 로봇소프트웨어 마이크로디그리 교과목,https://sugang.khu.ac.kr/core?attribute=lectPlan&p_year=2025&p_term=10&p_teach=055078&p_code=SWCON36600&p_subjt=SWCON366&lang=ko&loginYn=N&schedule_cd=hakbu&fake=1747724125684,2025-05-27 14:25,SWCON366
2025,1,황효석,강화학습(컴퓨터공학과),SWCON495-00,B05,40,영어(부분),TRUE,본인 노트북으로 실습 (필요시 대여 가능),https://sugang.khu.ac.kr/core?attribute=lectPlan&p_year=2025&p_term=10&p_teach=055078&p_code=SWCON49500&p_subjt=SWCON495&lang=ko&loginYn=N&schedule_cd=hakbu&fake=1747724126330,2025-05-27 14:25,SWCON495
2025,1,김성태,졸업논문(컴퓨터공학전공),CSE403-00,전205,154,한국어,FALSE,"4학년 2학기부터만 수강가능, 졸업프로젝트 D-이상 획득 필요",https://sugang.khu.ac.kr/core?attribute=lectPlan&p_year=2025&p_term=10&p_teach=055392&p_code=CSE40300&p_subjt=CSE403&lang=ko&loginYn=N&schedule_cd=hakbu&fake=1747724126939,2025-05-27 14:25,CSE403
2025,1,김성태,컴퓨터구조,CSE203-02,글405,105,영어(부분),TRUE,선수과목: 논리회로,https://sugang.khu.ac.kr/core?attribute=lectPlan&p_year=2025&p_term=10&p_teach=055392&p_code=CSE20302&p_subjt=CSE203&lang=ko&loginYn=N&schedule_cd=hakbu&fake=1747724127570,2025-05-27 14:25,CSE203
2025,1,김성태,졸업프로젝트,CSE405-00,B09,120,한국어,FALSE,선수과목:캡스톤디자인 / 단일전공이수자만 해당/4학년 1학기부터 수강허용; OT(3/7(금) 19:00~) 및 최종평가(6/13(금) 19:00~) 반드시 참석 필요,https://sugang.khu.ac.kr/core?attribute=lectPlan&p_year=2025&p_term=10&p_teach=055392&p_code=CSE40500&p_subjt=CSE405&lang=ko&loginYn=N&schedule_cd=hakbu&fake=1747724128132,2025-05-27 14:25,CSE405
2025,1,김성태,캡스톤디자인,CSE406-07,B09,8,한국어,FALSE,선수과목:디자인적사고 / 3학년 2학기부터 수강허용 OT 개별교수님 안내에 따름,https://sugang.khu.ac.kr/core?attribute=lectPlan&p_year=2025&p_term=10&p_teach=055392&p_code=CSE40607&p_subjt=CSE406&lang=ko&loginYn=N&schedule_cd=hakbu&fake=1747724128803,2025-05-27 14:25,CSE406
2025,1,최진우,캡스톤디자인,CSE406-09,B09,8,한국어,FALSE,선수과목:디자인적사고 / 3학년 2학기부터 수강허용 OT 개별교수님 안내에 따름,https://sugang.khu.ac.kr/core?attribute=lectPlan&p_year=2025&p_term=10&p_teach=055393&p_code=CSE40609&p_subjt=CSE406&lang=ko&loginYn=N&schedule_cd=hakbu&fake=1747724129419,2025-05-27 14:25,CSE406
2025,1,최진우,기계학습(컴퓨터공학과),SWCON253-02,전136,60,영어(부분),TRUE,"* 필수 선이수 교과: 웹/파이선프로그래밍, 미적분학, 선형대수 / * 권장 선이수 교과: 확률및랜덤변수, 인공지능수학, 인공지능프로그래밍 / 인공지능이론 마이크로디고리 과목명",https://sugang.khu.ac.kr/core?attribute=lectPlan&p_year=2025&p_term=10&p_teach=055393&p_code=SWCON25302&p_subjt=SWCON253&lang=ko&loginYn=N&schedule_cd=hakbu&fake=1747724130134,2025-05-27 14:25,SWCON253
2025,1,최진우,객체지향프로그래밍,CSE103-02,전205,150,영어(부분),TRUE,"본인 노트북으로 실습 (필요시 대여 가능), 실감미디어기술 마이크로디그리 교과목",https://sugang.khu.ac.kr/core?attribute=lectPlan&p_year=2025&p_term=10&p_teach=055393&p_code=CSE10302&p_subjt=CSE103&lang=ko&loginYn=N&schedule_cd=hakbu&fake=1747724130953,2025-05-27 14:25,CSE103
2025,1,정해준,신호와시스템(컴퓨터공학과),EE210-01,전227,60,한국어,FALSE,,https://sugang.khu.ac.kr/core?attribute=lectPlan&p_year=2025&p_term=10&p_teach=056156&p_code=EE21001&p_subjt=EE210&lang=ko&loginYn=N&schedule_cd=hakbu&fake=1747724131646,2025-05-27 14:25,EE210
2025,1,최민석,확률및랜덤변수(컴퓨터공학과),EE211-03,전227,60,한국어,FALSE,,https://sugang.khu.ac.kr/core?attribute=lectPlan&p_year=2025&p_term=10&p_teach=056815&p_code=EE21103&p_subjt=EE211&lang=ko&loginYn=N&schedule_cd=hakbu&fake=1747724132334,2025-05-27 14:25,EE211
2025,1,정원수,실감미디어컴퓨팅기초,CSE104-00,온라인,400,한국어,FALSE,"웹/파이선프로그래밍' 과목 이수자 신청 불가, 중간(8주차) 기말(16주차) 금요일 09:00~12:00 시험실시, 실감미디어펀더멘털 마이크로디그리 교과목",https://sugang.khu.ac.kr/core?attribute=lectPlan&p_year=2025&p_term=10&p_teach=057157&p_code=CSE10400&p_subjt=CSE104&lang=ko&loginYn=N&schedule_cd=hakbu&fake=1747724133116,2025-05-27 14:25,CSE104
2025,1,오승재,게임인터랙티브테크놀로지(컴퓨터공학과),SWCON312-00,B05,30,영어(부분),TRUE,체감기술 마이크로디그리 교과목,https://sugang.khu.ac.kr/core?attribute=lectPlan&p_year=2025&p_term=10&p_teach=058521&p_code=SWCON31200&p_subjt=SWCON312&lang=ko&loginYn=N&schedule_cd=hakbu&fake=1747724133814,2025-05-27 14:25,SWCON312
2025,1,오승재,회로와신호(컴퓨터공학과),SWCON254-00,B01,30,영어(부분),TRUE,,https://sugang.khu.ac.kr/core?attribute=lectPlan&p_year=2025&p_term=10&p_teach=058521&p_code=SWCON25400&p_subjt=SWCON254&lang=ko&loginYn=N&schedule_cd=hakbu&fake=1747724134415,2025-05-27 14:25,SWCON254
2025,1,박상근,웹/파이선프로그래밍(컴퓨터공학과),SWCON104-01,전205,150,영어(부분),TRUE,본인 노트북으로 실습 (필요시 대여 가능),https://sugang.khu.ac.kr/core?attribute=lectPlan&p_year=2025&p_term=10&p_teach=058523&p_code=SWCON10401&p_subjt=SWCON104&lang=ko&loginYn=N&schedule_cd=hakbu&fake=1747724135037,2025-05-27 14:25,SWCON104
2025,1,고한얼,독립심화학습1(컴퓨터공학),CSE495-02,,1,한국어,FALSE,지도교수를 통해 별도로 신청한 학생들만 신청 가능(임*민),https://sugang.khu.ac.kr/core?attribute=lectPlan&p_year=2025&p_term=10&p_teach=058525&p_code=CSE49502&p_subjt=CSE495&lang=ko&loginYn=N&schedule_cd=hakbu&fake=1747724135803,2025-05-27 14:25,CSE495
2025,1,고한얼,연구연수활동1(컴퓨터공학),CSE496-01,,1,한국어,FALSE,지도교수를 통해 별도로 신청한 학생들만 신청 가능(임*민),https://sugang.khu.ac.kr/core?attribute=lectPlan&p_year=2025&p_term=10&p_teach=058525&p_code=CSE49601&p_subjt=CSE496&lang=ko&loginYn=N&schedule_cd=hakbu&fake=1747724136437,2025-05-27 14:25,CSE496
2025,1,고한얼,확률및랜덤변수(컴퓨터공학과),EE211-04,전211-1,70,영어(부분),TRUE,,https://sugang.khu.ac.kr/core?attribute=lectPlan&p_year=2025&p_term=10&p_teach=058525&p_code=EE21104&p_subjt=EE211&lang=ko&loginYn=N&schedule_cd=hakbu&fake=1747724137398,2025-05-27 14:25,EE211
2025,1,김정욱,캡스톤디자인,CSE406-10,B09,8,한국어,FALSE,선수과목:디자인적사고 / 3학년 2학기부터 수강허용 OT 개별교수님 안내에 따름,https://sugang.khu.ac.kr/core?attribute=lectPlan&p_year=2025&p_term=10&p_teach=058974&p_code=CSE40610&p_subjt=CSE406&lang=ko&loginYn=N&schedule_cd=hakbu&fake=1747724138412,2025-05-27 14:25,CSE406
2025,1,김정욱,컴퓨터구조,CSE203-00,B09,120,영어(부분),TRUE,선수과목: 논리회로,https://sugang.khu.ac.kr/core?attribute=lectPlan&p_year=2025&p_term=10&p_teach=058974&p_code=CSE20300&p_subjt=CSE203&lang=ko&loginYn=N&schedule_cd=hakbu&fake=1747724139452,2025-05-27 14:25,CSE203
2025,1,김정욱,소프트웨어공학,CSE327-00,B09,120,한국어,FALSE,,https://sugang.khu.ac.kr/core?attribute=lectPlan&p_year=2025&p_term=10&p_teach=058974&p_code=CSE32700&p_subjt=CSE327&lang=ko&loginYn=N&schedule_cd=hakbu&fake=1747724140517,2025-05-27 14:25,CSE327
2025,1,정연모,논리회로(컴퓨터공학과),EE209-00,전220,50,한국어,FALSE,,https://sugang.khu.ac.kr/core?attribute=lectPlan&p_year=2025&p_term=10&p_teach=059482&p_code=EE20900&p_subjt=EE209&lang=ko&loginYn=N&schedule_cd=hakbu&fake=1747724141513,2025-05-27 14:25,EE209
2025,1,허선영,캡스톤디자인,CSE406-13,B09,10,한국어,FALSE,선수과목:디자인적사고 / 3학년 2학기부터 수강허용 OT 개별교수님 안내에 따름,https://sugang.khu.ac.kr/core?attribute=lectPlan&p_year=2025&p_term=10&p_teach=059667&p_code=CSE40613&p_subjt=CSE406&lang=ko&loginYn=N&schedule_cd=hakbu&fake=1747724142725,2025-05-27 14:25,CSE406
2025,1,허선영,독립심화학습1(컴퓨터공학),CSE495-09,,1,한국어,FALSE,지도교수를 통해 별도로 신청한 학생들만 신청 가능(김*현),https://sugang.khu.ac.kr/core?attribute=lectPlan&p_year=2025&p_term=10&p_teach=059667&p_code=CSE49509&p_subjt=CSE495&lang=ko&loginYn=N&schedule_cd=hakbu&fake=1747724143661,2025-05-27 14:25,CSE495
2025,1,허선영,컴파일러,CSE322-00,B06,50,영어(부분),TRUE,,https://sugang.khu.ac.kr/core?attribute=lectPlan&p_year=2025&p_term=10&p_teach=059667&p_code=CSE32200&p_subjt=CSE322&lang=ko&loginYn=N&schedule_cd=hakbu&fake=1747724144504,2025-05-27 14:25,CSE322
2025,1,허선영,운영체제,CSE301-00,B09,98,영어(부분),TRUE,,https://sugang.khu.ac.kr/core?attribute=lectPlan&p_year=2025&p_term=10&p_teach=059667&p_code=CSE30100&p_subjt=CSE301&lang=ko&loginYn=N&schedule_cd=hakbu&fake=1747724145299,2025-05-27 14:25,CSE301
2025,1,최기호,신호와시스템(컴퓨터공학과),EE210-02,전227,60,영어(부분),TRUE,,https://sugang.khu.ac.kr/core?attribute=lectPlan&p_year=2025&p_term=10&p_teach=059930&p_code=EE21002&p_subjt=EE210&lang=ko&loginYn=N&schedule_cd=hakbu&fake=1747724146059,2025-05-27 14:25,EE210
2025,1,장대희,정보보호,CSE423-00,B01,40,영어(부분),TRUE,웹보안 내용 많이 포함,https://sugang.khu.ac.kr/core?attribute=lectPlan&p_year=2025&p_term=10&p_teach=059932&p_code=CSE42300&p_subjt=CSE423&lang=ko&loginYn=N&schedule_cd=hakbu&fake=1747724147083,2025-05-27 14:25,CSE423
2025,1,장대희,캡스톤디자인,CSE406-12,B09,9,한국어,FALSE,선수과목:디자인적사고 / 3학년 2학기부터 수강허용 OT 개별교수님 안내에 따름,https://sugang.khu.ac.kr/core?attribute=lectPlan&p_year=2025&p_term=10&p_teach=059932&p_code=CSE40612&p_subjt=CSE406&lang=ko&loginYn=N&schedule_cd=hakbu&fake=1747724148100,2025-05-27 14:25,CSE406
2025,1,장대희,독립심화학습1(컴퓨터공학),CSE495-00,,1,한국어,FALSE,지도교수를 통해 별도로 신청한 학생들만 신청 가능(윤*찬),https://sugang.khu.ac.kr/core?attribute=lectPlan&p_year=2025&p_term=10&p_teach=059932&p_code=CSE49500&p_subjt=CSE495&lang=ko&loginYn=N&schedule_cd=hakbu&fake=1747724149025,2025-05-27 14:25,CSE495
2025,1,박제만,자료구조,CSE204-02,전205,149,영어(부분),TRUE,객체지향프로그래밍 선이수 필요 / 본인 노트북으로 실습 (필요시 대여 가능),https://sugang.khu.ac.kr/core?attribute=lectPlan&p_year=2025&p_term=10&p_teach=061420&p_code=CSE20402&p_subjt=CSE204&lang=ko&loginYn=N&schedule_cd=hakbu&fake=1747724149760,2025-05-27 14:25,CSE204
2025,1,박제만,소프트웨어융합보안(컴퓨터공학과),SWCON496-00,전103,40,영어(부분),TRUE,"운영체제, 컴퓨터구조 선이수 권장",https://sugang.khu.ac.kr/core?attribute=lectPlan&p_year=2025&p_term=10&p_teach=061420&p_code=SWCON49600&p_subjt=SWCON496&lang=ko&loginYn=N&schedule_cd=hakbu&fake=1747724150563,2025-05-27 14:25,SWCON496
2025,1,조명아,웹/파이선프로그래밍(컴퓨터공학과),SWCON104-02,멀112,150,영어(부분),TRUE,본인 노트북으로 실습 (필요시 대여 가능),https://sugang.khu.ac.kr/core?attribute=lectPlan&p_year=2025&p_term=10&p_teach=061421&p_code=SWCON10402&p_subjt=SWCON104&lang=ko&loginYn=N&schedule_cd=hakbu&fake=1747724151326,2025-05-27 14:25,SWCON104
2025,1,조명아,인공지능과게임프로그래밍(컴퓨터공학과),SWCON491-00,멀112,60,영어(부분),TRUE,본인 노트북으로 실습 (필요시 대여 가능) / 선수과목: 객체지향프로그래밍&선형대수,https://sugang.khu.ac.kr/core?attribute=lectPlan&p_year=2025&p_term=10&p_teach=061421&p_code=SWCON49100&p_subjt=SWCON491&lang=ko&loginYn=N&schedule_cd=hakbu&fake=1747724152247,2025-05-27 14:25,SWCON491
2025,1,조명아,디자인적사고(컴퓨터공학과),SWCON103-01,멀112,50,한국어,FALSE,본인 노트북으로 실습 (필요시 대여 가능) / 디자인소프트웨어 마이크로디그리 교과목,https://sugang.khu.ac.kr/core?attribute=lectPlan&p_year=2025&p_term=10&p_teach=061421&p_code=SWCON10301&p_subjt=SWCON103&lang=ko&loginYn=N&schedule_cd=hakbu&fake=1747724153042,2025-05-27 14:25,SWCON103
2025,1,김정현,블록체인프로젝트,CSE4100-00,B06,50,한국어,FALSE,산학필수 과목,https://sugang.khu.ac.kr/core?attribute=lectPlan&p_year=2025&p_term=10&p_teach=061910&p_code=CSE410000&p_subjt=CSE4100&lang=ko&loginYn=N&schedule_cd=hakbu&fake=1747724153808,2025-05-27 14:25,CSE4100
2025,1,이동현,SW스타트업비즈니스,CSE330-00,글405,60,한국어,FALSE,산학필수 과목,https://sugang.khu.ac.kr/core?attribute=lectPlan&p_year=2025&p_term=10&p_teach=062077&p_code=CSE33000&p_subjt=CSE330&lang=ko&loginYn=N&schedule_cd=hakbu&fake=1747724154821,2025-05-27 14:25,CSE330
2025,1,성무진,캡스톤디자인,CSE406-14,B09,8,한국어,FALSE,선수과목:디자인적사고 / 3학년 2학기부터 수강허용 OT 개별교수님 안내에 따름,https://sugang.khu.ac.kr/core?attribute=lectPlan&p_year=2025&p_term=10&p_teach=062134&p_code=CSE40614&p_subjt=CSE406&lang=ko&loginYn=N&schedule_cd=hakbu&fake=1747724155824,2025-05-27 14:25,CSE406
2025,1,성무진,연구연수활동1(컴퓨터공학),CSE496-06,,1,한국어,FALSE,지도교수를 통해 별도로 신청한 학생들만 신청 가능(정*서),https://sugang.khu.ac.kr/core?attribute=lectPlan&p_year=2025&p_term=10&p_teach=062134&p_code=CSE49606&p_subjt=CSE496&lang=ko&loginYn=N&schedule_cd=hakbu&fake=1747724156841,2025-05-27 14:25,CSE496
2025,1,성무진,알고리즘,CSE304-02,B06,50,한국어,FALSE,선수과목:자료구조 / 본인 노트북으로 실습(필요시 대여 가능),https://sugang.khu.ac.kr/core?attribute=lectPlan&p_year=2025&p_term=10&p_teach=062134&p_code=CSE30402&p_subjt=CSE304&lang=ko&loginYn=N&schedule_cd=hakbu&fake=1747724157712,2025-05-27 14:25,CSE304
2025,1,박정환,논리회로(컴퓨터공학과),EE209-01,전220,55,영어(부분),TRUE,,https://sugang.khu.ac.kr/core?attribute=lectPlan&p_year=2025&p_term=10&p_teach=062135&p_code=EE20901&p_subjt=EE209&lang=ko&loginYn=N&schedule_cd=hakbu&fake=1747724158607,2025-05-27 14:25,EE209
2025,1,박철준,이산구조,CSE201-00,B07,70,영어(부분),TRUE,,https://sugang.khu.ac.kr/core?attribute=lectPlan&p_year=2025&p_term=10&p_teach=063365&p_code=CSE20100&p_subjt=CSE201&lang=ko&loginYn=N&schedule_cd=hakbu&fake=1747724159359,2025-05-27 14:25,CSE201
2025,1,박철준,알고리즘,CSE304-01,B01,54,한국어,FALSE,선수과목:자료구조 / 본인 노트북으로 실습(필요시 대여 가능),https://sugang.khu.ac.kr/core?attribute=lectPlan&p_year=2025&p_term=10&p_teach=063365&p_code=CSE30401&p_subjt=CSE304&lang=ko&loginYn=N&schedule_cd=hakbu&fake=1747724160153,2025-05-27 14:25,CSE304
2025,1,최경식,이산구조,CSE201-01,B07,70,한국어,FALSE,,https://sugang.khu.ac.kr/core?attribute=lectPlan&p_year=2025&p_term=10&p_teach=063929&p_code=CSE20101&p_subjt=CSE201&lang=ko&loginYn=N&schedule_cd=hakbu&fake=1747724161013,2025-05-27 14:25,CSE201
2025,1,길태현,논리회로(컴퓨터공학과),EE209-03,전136,55,한국어,FALSE,,https://sugang.khu.ac.kr/core?attribute=lectPlan&p_year=2025&p_term=10&p_teach=063976&p_code=EE20903&p_subjt=EE209&lang=ko&loginYn=N&schedule_cd=hakbu&fake=1747724161824,2025-05-27 14:25,EE209
2025,1,김수현,고급딥러닝(컴퓨터공학과),AI3001-00,전103,60,영어(부분),TRUE,인공지능 실전 마이크로디그리 과목,https://sugang.khu.ac.kr/core?attribute=lectPlan&p_year=2025&p_term=10&p_teach=064244&p_code=AI300100&p_subjt=AI3001&lang=ko&loginYn=N&schedule_cd=hakbu&fake=1747724162653,2025-05-27 14:25,AI3001
2025,1,박지연,선형대수,AMTH1004-06,전102,50,한국어,FALSE,,https://sugang.khu.ac.kr/core?attribute=lectPlan&p_year=2025&p_term=10&p_teach=000558&p_code=AMTH100406&p_subjt=AMTH1004&lang=ko&loginYn=N&schedule_cd=hakbu&fake=1748408303419,2025-05-28 5:03,AMTH1004
2025,1,박지연,선형대수,AMTH1004-07,전102,50,한국어,FALSE,,https://sugang.khu.ac.kr/core?attribute=lectPlan&p_year=2025&p_term=10&p_teach=000558&p_code=AMTH100407&p_subjt=AMTH1004&lang=ko&loginYn=N&schedule_cd=hakbu&fake=1748408303901,2025-05-28 5:03,AMTH1004
2025,1,차준심,미분적분학,AMTH1009-22,전101,50,한국어,FALSE,,https://sugang.khu.ac.kr/core?attribute=lectPlan&p_year=2025&p_term=10&p_teach=002467&p_code=AMTH100922&p_subjt=AMTH1009&lang=ko&loginYn=N&schedule_cd=hakbu&fake=1748408304352,2025-05-28 5:03,AMTH1009
2025,1,차준심,미분적분학,AMTH1009-23,전101,50,한국어,FALSE,,https://sugang.khu.ac.kr/core?attribute=lectPlan&p_year=2025&p_term=10&p_teach=002467&p_code=AMTH100923&p_subjt=AMTH1009&lang=ko&loginYn=N&schedule_cd=hakbu&fake=1748408304790,2025-05-28 5:03,AMTH1009
2025,1,박정준,미분적분학,AMTH1009-16,멀704,45,한국어,FALSE,응용화학과 신입생 우선배정강좌,https://sugang.khu.ac.kr/core?attribute=lectPlan&p_year=2025&p_term=10&p_teach=002642&p_code=AMTH100916&p_subjt=AMTH1009&lang=ko&loginYn=N&schedule_cd=hakbu&fake=1748408305218,2025-05-28 5:03,AMTH1009
2025,1,박정준,미분적분학,AMTH1009-17,멀408,45,한국어,FALSE,,https://sugang.khu.ac.kr/core?attribute=lectPlan&p_year=2025&p_term=10&p_teach=002642&p_code=AMTH100917&p_subjt=AMTH1009&lang=ko&loginYn=N&schedule_cd=hakbu&fake=1748408305765,2025-05-28 5:03,AMTH1009
2025,1,박정준,미분적분학,AMTH1009-31,멀408,45,한국어,FALSE,,https://sugang.khu.ac.kr/core?attribute=lectPlan&p_year=2025&p_term=10&p_teach=002642&p_code=AMTH100931&p_subjt=AMTH1009&lang=ko&loginYn=N&schedule_cd=hakbu&fake=1748408306350,2025-05-28 5:03,AMTH1009
2025,1,최진혁,미분적분학,AMTH1009-26,멀107,45,한국어,FALSE,응용화학과 신입생 우선배정강좌,https://sugang.khu.ac.kr/core?attribute=lectPlan&p_year=2025&p_term=10&p_teach=002834&p_code=AMTH100926&p_subjt=AMTH1009&lang=ko&loginYn=N&schedule_cd=hakbu&fake=1748408306799,2025-05-28 5:03,AMTH1009
2025,1,최진혁,미분적분학,AMTH1009-27,멀107,45,한국어,FALSE,,https://sugang.khu.ac.kr/core?attribute=lectPlan&p_year=2025&p_term=10&p_teach=002834&p_code=AMTH100927&p_subjt=AMTH1009&lang=ko&loginYn=N&schedule_cd=hakbu&fake=1748408307267,2025-05-28 5:03,AMTH1009
2025,1,백옥분,통계학,AMTH1005-00,멀107,40,한국어,FALSE,,https://sugang.khu.ac.kr/core?attribute=lectPlan&p_year=2025&p_term=10&p_teach=005926&p_code=AMTH100500&p_subjt=AMTH1005&lang=ko&loginYn=N&schedule_cd=hakbu&fake=1748408307792,2025-05-28 5:03,AMTH1005
2025,1,백옥분,통계학,AMTH1005-01,멀107,40,한국어,FALSE,,https://sugang.khu.ac.kr/core?attribute=lectPlan&p_year=2025&p_term=10&p_teach=005926&p_code=AMTH100501&p_subjt=AMTH1005&lang=ko&loginYn=N&schedule_cd=hakbu&fake=1748408308269,2025-05-28 5:03,AMTH1005
2025,1,김관혁,미분적분학,AMTH1009-02,전101,50,한국어,FALSE,우주과학과 신입생 우선배정강좌,https://sugang.khu.ac.kr/core?attribute=lectPlan&p_year=2025&p_term=10&p_teach=006496&p_code=AMTH100902&p_subjt=AMTH1009&lang=ko&loginYn=N&schedule_cd=hakbu&fake=1748408308839,2025-05-28 5:03,AMTH1009
2025,1,김원주,미분적분학,AMTH1009-07,멀107,45,한국어,FALSE,,https://sugang.khu.ac.kr/core?attribute=lectPlan&p_year=2025&p_term=10&p_teach=013651&p_code=AMTH100907&p_subjt=AMTH1009&lang=ko&loginYn=N&schedule_cd=hakbu&fake=1748408309282,2025-05-28 5:03,AMTH1009
2025,1,김원주,미분적분학,AMTH1009-08,멀404,45,한국어,FALSE,응용화학과 신입생 우선배정강좌,https://sugang.khu.ac.kr/core?attribute=lectPlan&p_year=2025&p_term=10&p_teach=013651&p_code=AMTH100908&p_subjt=AMTH1009&lang=ko&loginYn=N&schedule_cd=hakbu&fake=1748408309770,2025-05-28 5:03,AMTH1009
2025,1,김현수,선형대수,AMTH1004-11,전102,40,한국어,FALSE,,https://sugang.khu.ac.kr/core?attribute=lectPlan&p_year=2025&p_term=10&p_teach=020248&p_code=AMTH100411&p_subjt=AMTH1004&lang=ko&loginYn=N&schedule_cd=hakbu&fake=1748408310201,2025-05-28 5:03,AMTH1004
2025,1,김현수,선형대수,AMTH1004-01,전102,50,한국어,FALSE,,https://sugang.khu.ac.kr/core?attribute=lectPlan&p_year=2025&p_term=10&p_teach=020248&p_code=AMTH100401&p_subjt=AMTH1004&lang=ko&loginYn=N&schedule_cd=hakbu&fake=1748408310632,2025-05-28 5:03,AMTH1004
2025,1,김현수,선형대수,AMTH1004-02,전102,50,한국어,FALSE,,https://sugang.khu.ac.kr/core?attribute=lectPlan&p_year=2025&p_term=10&p_teach=020248&p_code=AMTH100402&p_subjt=AMTH1004&lang=ko&loginYn=N&schedule_cd=hakbu&fake=1748408311074,2025-05-28 5:03,AMTH1004
2025,1,배재형,선형대수,AMTH1004-08,멀404,45,한국어,FALSE,,https://sugang.khu.ac.kr/core?attribute=lectPlan&p_year=2025&p_term=10&p_teach=023213&p_code=AMTH100408&p_subjt=AMTH1004&lang=ko&loginYn=N&schedule_cd=hakbu&fake=1748408311490,2025-05-28 5:03,AMTH1004
2025,1,한창용,미분적분학,AMTH1009-28,전205,140,한국어,FALSE,,https://sugang.khu.ac.kr/core?attribute=lectPlan&p_year=2025&p_term=10&p_teach=025246&p_code=AMTH100928&p_subjt=AMTH1009&lang=ko&loginYn=N&schedule_cd=hakbu&fake=1748408311901,2025-05-28 5:03,AMTH1009
2025,1,남궁윤미,선형대수,AMTH1004-03,전102,50,한국어,FALSE,,https://sugang.khu.ac.kr/core?attribute=lectPlan&p_year=2025&p_term=10&p_teach=026834&p_code=AMTH100403&p_subjt=AMTH1004&lang=ko&loginYn=N&schedule_cd=hakbu&fake=1748408312372,2025-05-28 5:03,AMTH1004
2025,1,남궁윤미,선형대수,AMTH1004-04,전223,40,한국어,FALSE,,https://sugang.khu.ac.kr/core?attribute=lectPlan&p_year=2025&p_term=10&p_teach=026834&p_code=AMTH100404&p_subjt=AMTH1004&lang=ko&loginYn=N&schedule_cd=hakbu&fake=1748408312884,2025-05-28 5:03,AMTH1004
2025,1,남궁윤미,미분적분학,AMTH1009-30,전223,40,한국어,FALSE,,https://sugang.khu.ac.kr/core?attribute=lectPlan&p_year=2025&p_term=10&p_teach=026834&p_code=AMTH100930&p_subjt=AMTH1009&lang=ko&loginYn=N&schedule_cd=hakbu&fake=1748408313317,2025-05-28 5:03,AMTH1009
2025,1,최용빈,미분적분학,AMTH1009-33,멀405,45,한국어,FALSE,,https://sugang.khu.ac.kr/core?attribute=lectPlan&p_year=2025&p_term=10&p_teach=030368&p_code=AMTH100933&p_subjt=AMTH1009&lang=ko&loginYn=N&schedule_cd=hakbu&fake=1748408313755,2025-05-28 5:03,AMTH1009
2025,1,최용빈,미분적분학,AMTH1009-24,전101,50,한국어,FALSE,,https://sugang.khu.ac.kr/core?attribute=lectPlan&p_year=2025&p_term=10&p_teach=030368&p_code=AMTH100924&p_subjt=AMTH1009&lang=ko&loginYn=N&schedule_cd=hakbu&fake=1748408314188,2025-05-28 5:03,AMTH1009
2025,1,최용빈,미분적분학,AMTH1009-25,전101,50,한국어,FALSE,,https://sugang.khu.ac.kr/core?attribute=lectPlan&p_year=2025&p_term=10&p_teach=030368&p_code=AMTH100925&p_subjt=AMTH1009&lang=ko&loginYn=N&schedule_cd=hakbu&fake=1748408314637,2025-05-28 5:03,AMTH1009
2025,1,박정주,미분적분학,AMTH1009-14,전101,50,한국어,FALSE,,https://sugang.khu.ac.kr/core?attribute=lectPlan&p_year=2025&p_term=10&p_teach=030369&p_code=AMTH100914&p_subjt=AMTH1009&lang=ko&loginYn=N&schedule_cd=hakbu&fake=1748408315070,2025-05-28 5:03,AMTH1009
2025,1,박정주,미분적분학,AMTH1009-15,전101,50,한국어,FALSE,,https://sugang.khu.ac.kr/core?attribute=lectPlan&p_year=2025&p_term=10&p_teach=030369&p_code=AMTH100915&p_subjt=AMTH1009&lang=ko&loginYn=N&schedule_cd=hakbu&fake=1748408315525,2025-05-28 5:03,AMTH1009
2025,1,김정산,미분적분학,AMTH1009-09,전221,40,한국어,FALSE,,https://sugang.khu.ac.kr/core?attribute=lectPlan&p_year=2025&p_term=10&p_teach=042470&p_code=AMTH100909&p_subjt=AMTH1009&lang=ko&loginYn=N&schedule_cd=hakbu&fake=1748408316114,2025-05-28 5:03,AMTH1009
2025,1,최선호,미분적분학,AMTH1009-00,전221,40,한국어,FALSE,응용수학과 신입생 우선배정강좌,https://sugang.khu.ac.kr/core?attribute=lectPlan&p_year=2025&p_term=10&p_teach=044201&p_code=AMTH100900&p_subjt=AMTH1009&lang=ko&loginYn=N&schedule_cd=hakbu&fake=1748408316568,2025-05-28 5:03,AMTH1009
2025,1,최선호,미분적분학,AMTH1009-01,전221,40,한국어,FALSE,,https://sugang.khu.ac.kr/core?attribute=lectPlan&p_year=2025&p_term=10&p_teach=044201&p_code=AMTH100901&p_subjt=AMTH1009&lang=ko&loginYn=N&schedule_cd=hakbu&fake=1748408317033,2025-05-28 5:03,AMTH1009
2025,1,박명진,선형대수,AMTH1004-05,멀408,45,한국어,FALSE,,https://sugang.khu.ac.kr/core?attribute=lectPlan&p_year=2025&p_term=10&p_teach=046767&p_code=AMTH100405&p_subjt=AMTH1004&lang=ko&loginYn=N&schedule_cd=hakbu&fake=1748408317466,2025-05-28 5:03,AMTH1004
2025,1,이진,선형대수,AMTH1004-09,멀107,45,한국어,FALSE,우주과학과 신입생 우선배정강좌,https://sugang.khu.ac.kr/core?attribute=lectPlan&p_year=2025&p_term=10&p_teach=051042&p_code=AMTH100409&p_subjt=AMTH1004&lang=ko&loginYn=N&schedule_cd=hakbu&fake=1748408318035,2025-05-28 5:03,AMTH1004
2025,1,이진,선형대수,AMTH1004-10,멀107,45,한국어,FALSE,,https://sugang.khu.ac.kr/core?attribute=lectPlan&p_year=2025&p_term=10&p_teach=051042&p_code=AMTH100410&p_subjt=AMTH1004&lang=ko&loginYn=N&schedule_cd=hakbu&fake=1748408318483,2025-05-28 5:03,AMTH1004
2025,1,손수진,미분적분학,AMTH1009-18,멀404,45,한국어,FALSE,,https://sugang.khu.ac.kr/core?attribute=lectPlan&p_year=2025&p_term=10&p_teach=051874&p_code=AMTH100918&p_subjt=AMTH1009&lang=ko&loginYn=N&schedule_cd=hakbu&fake=1748408318957,2025-05-28 5:03,AMTH1009
2025,1,손수진,미분적분학,AMTH1009-19,멀404,45,한국어,FALSE,,https://sugang.khu.ac.kr/core?attribute=lectPlan&p_year=2025&p_term=10&p_teach=051874&p_code=AMTH100919&p_subjt=AMTH1009&lang=ko&loginYn=N&schedule_cd=hakbu&fake=1748408319418,2025-05-28 5:03,AMTH1009
2025,1,손수진,미분적분학,AMTH1009-32,멀404,45,한국어,FALSE,,https://sugang.khu.ac.kr/core?attribute=lectPlan&p_year=2025&p_term=10&p_teach=051874&p_code=AMTH100932&p_subjt=AMTH1009&lang=ko&loginYn=N&schedule_cd=hakbu&fake=1748408319833,2025-05-28 5:03,AMTH1009
2025,1,남윤,미분적분학,AMTH1009-12,전221,40,한국어,FALSE,,https://sugang.khu.ac.kr/core?attribute=lectPlan&p_year=2025&p_term=10&p_teach=051876&p_code=AMTH100912&p_subjt=AMTH1009&lang=ko&loginYn=N&schedule_cd=hakbu&fake=1748408320255,2025-05-28 5:03,AMTH1009
2025,1,남윤,미분적분학,AMTH1009-13,전223,40,한국어,FALSE,응용물리학과 신입생 우선배정강좌,https://sugang.khu.ac.kr/core?attribute=lectPlan&p_year=2025&p_term=10&p_teach=051876&p_code=AMTH100913&p_subjt=AMTH1009&lang=ko&loginYn=N&schedule_cd=hakbu&fake=1748408320705,2025-05-28 5:03,AMTH1009
2025,1,김수현,미분적분학,AMTH1009-05,전223,40,한국어,FALSE,,https://sugang.khu.ac.kr/core?attribute=lectPlan&p_year=2025&p_term=10&p_teach=051878&p_code=AMTH100905&p_subjt=AMTH1009&lang=ko&loginYn=N&schedule_cd=hakbu&fake=1748408321142,2025-05-28 5:03,AMTH1009
2025,1,김수현,미분적분학,AMTH1009-06,전223,40,한국어,FALSE,,https://sugang.khu.ac.kr/core?attribute=lectPlan&p_year=2025&p_term=10&p_teach=051878&p_code=AMTH100906&p_subjt=AMTH1009&lang=ko&loginYn=N&schedule_cd=hakbu&fake=1748408321667,2025-05-28 5:03,AMTH1009
2025,1,박준표,선형대수,AMTH1004-00,전101,50,한국어,FALSE,응용수학과 신입생 우선배정강좌,https://sugang.khu.ac.kr/core?attribute=lectPlan&p_year=2025&p_term=10&p_teach=055075&p_code=AMTH100400&p_subjt=AMTH1004&lang=ko&loginYn=N&schedule_cd=hakbu&fake=1748408322199,2025-05-28 5:03,AMTH1004
2025,1,김병학,미분적분학,AMTH1009-03,전223,40,한국어,FALSE,,https://sugang.khu.ac.kr/core?attribute=lectPlan&p_year=2025&p_term=10&p_teach=058471&p_code=AMTH100903&p_subjt=AMTH1009&lang=ko&loginYn=N&schedule_cd=hakbu&fake=1748408322651,2025-05-28 5:03,AMTH1009
2025,1,김병학,미분적분학,AMTH1009-04,전101,50,한국어,FALSE,,https://sugang.khu.ac.kr/core?attribute=lectPlan&p_year=2025&p_term=10&p_teach=058471&p_code=AMTH100904&p_subjt=AMTH1009&lang=ko&loginYn=N&schedule_cd=hakbu&fake=1748408323105,2025-05-28 5:03,AMTH1009
2025,1,나광수,미분적분학,AMTH1009-29,전102,50,한국어,FALSE,,https://sugang.khu.ac.kr/core?attribute=lectPlan&p_year=2025&p_term=10&p_teach=059633&p_code=AMTH100929&p_subjt=AMTH1009&lang=ko&loginYn=N&schedule_cd=hakbu&fake=1748408323651,2025-05-28 5:03,AMTH1009
2025,1,나광수,미분적분학,AMTH1009-10,멀107,45,한국어,FALSE,,https://sugang.khu.ac.kr/core?attribute=lectPlan&p_year=2025&p_term=10&p_teach=059633&p_code=AMTH100910&p_subjt=AMTH1009&lang=ko&loginYn=N&schedule_cd=hakbu&fake=1748408324201,2025-05-28 5:03,AMTH1009
2025,1,나광수,미분적분학,AMTH1009-11,멀107,45,한국어,FALSE,,https://sugang.khu.ac.kr/core?attribute=lectPlan&p_year=2025&p_term=10&p_teach=059633&p_code=AMTH100911&p_subjt=AMTH1009&lang=ko&loginYn=N&schedule_cd=hakbu&fake=1748408324666,2025-05-28 5:03,AMTH1009
2025,1,신혜선,미분적분학,AMTH1009-20,전221,40,한국어,FALSE,,https://sugang.khu.ac.kr/core?attribute=lectPlan&p_year=2025&p_term=10&p_teach=059634&p_code=AMTH100920&p_subjt=AMTH1009&lang=ko&loginYn=N&schedule_cd=hakbu&fake=1748408325084,2025-05-28 5:03,AMTH1009
2025,1,신혜선,미분적분학,AMTH1009-21,전221,40,한국어,FALSE,,https://sugang.khu.ac.kr/core?attribute=lectPlan&p_year=2025&p_term=10&p_teach=059634&p_code=AMTH100921&p_subjt=AMTH1009&lang=ko&loginYn=N&schedule_cd=hakbu&fake=1748408325534,2025-05-28 5:03,AMTH1009
2025,1,이호선,물리학및실험1,APHY1002-04,멀403,25,한국어,FALSE,"응용화학과 우선배정강좌, 실험수업 302호",https://sugang.khu.ac.kr/core?attribute=lectPlan&p_year=2025&p_term=10&p_teach=010467&p_code=APHY100204&p_subjt=APHY1002&lang=ko&loginYn=N&schedule_cd=hakbu&fake=1748408336375,2025-05-28 5:03,APHY1002
2025,1,이호선,물리학및실험1,APHY1002-05,멀403,25,한국어,FALSE,"응용화학과 우선배정강좌, 실험수업 304호",https://sugang.khu.ac.kr/core?attribute=lectPlan&p_year=2025&p_term=10&p_teach=010467&p_code=APHY100205&p_subjt=APHY1002&lang=ko&loginYn=N&schedule_cd=hakbu&fake=1748408336801,2025-05-28 5:03,APHY1002
2025,1,임대영,물리학및실험1,APHY1002-02,멀403,25,한국어,FALSE,실험수업 302호,https://sugang.khu.ac.kr/core?attribute=lectPlan&p_year=2025&p_term=10&p_teach=024579&p_code=APHY100202&p_subjt=APHY1002&lang=ko&loginYn=N&schedule_cd=hakbu&fake=1748408337218,2025-05-28 5:03,APHY1002
2025,1,임대영,물리학및실험1,APHY1002-03,멀403,25,한국어,FALSE,실험수업 304호,https://sugang.khu.ac.kr/core?attribute=lectPlan&p_year=2025&p_term=10&p_teach=024579&p_code=APHY100203&p_subjt=APHY1002&lang=ko&loginYn=N&schedule_cd=hakbu&fake=1748408337649,2025-05-28 5:03,APHY1002
2025,1,임대영,물리학및실험1,APHY1002-06,멀305,25,한국어,FALSE,실험수업 305호,https://sugang.khu.ac.kr/core?attribute=lectPlan&p_year=2025&p_term=10&p_teach=024579&p_code=APHY100206&p_subjt=APHY1002&lang=ko&loginYn=N&schedule_cd=hakbu&fake=1748408338101,2025-05-28 5:03,APHY1002
2025,1,임대영,물리학및실험1,APHY1002-07,멀306,25,한국어,FALSE,실험수업 306호,https://sugang.khu.ac.kr/core?attribute=lectPlan&p_year=2025&p_term=10&p_teach=024579&p_code=APHY100207&p_subjt=APHY1002&lang=ko&loginYn=N&schedule_cd=hakbu&fake=1748408338554,2025-05-28 5:03,APHY1002
2025,1,김영민,물리학1,APHY1000-03,멀405,50,한국어,FALSE,,https://sugang.khu.ac.kr/core?attribute=lectPlan&p_year=2025&p_term=10&p_teach=032567&p_code=APHY100003&p_subjt=APHY1000&lang=ko&loginYn=N&schedule_cd=hakbu&fake=1748408339020,2025-05-28 5:03,APHY1000
2025,1,김영민,물리학1,APHY1000-04,멀405,50,한국어,FALSE,,https://sugang.khu.ac.kr/core?attribute=lectPlan&p_year=2025&p_term=10&p_teach=032567&p_code=APHY100004&p_subjt=APHY1000&lang=ko&loginYn=N&schedule_cd=hakbu&fake=1748408339508,2025-05-28 5:03,APHY1000
2025,1,이종수,물리학및실험1,APHY1002-00,멀403,25,한국어,FALSE,실험수업 302호,https://sugang.khu.ac.kr/core?attribute=lectPlan&p_year=2025&p_term=10&p_teach=034271&p_code=APHY100200&p_subjt=APHY1002&lang=ko&loginYn=N&schedule_cd=hakbu&fake=1748408339961,2025-05-28 5:03,APHY1002
2025,1,이종수,물리학및실험1,APHY1002-01,멀403,25,한국어,FALSE,실험수업 304호,https://sugang.khu.ac.kr/core?attribute=lectPlan&p_year=2025&p_term=10&p_teach=034271&p_code=APHY100201&p_subjt=APHY1002&lang=ko&loginYn=N&schedule_cd=hakbu&fake=1748408340445,2025-05-28 5:03,APHY1002
2025,1,이나영,일반물리,APHY1004-01,멀405,50,한국어,FALSE,,https://sugang.khu.ac.kr/core?attribute=lectPlan&p_year=2025&p_term=10&p_teach=040541&p_code=APHY100401&p_subjt=APHY1004&lang=ko&loginYn=N&schedule_cd=hakbu&fake=1748408340901,2025-05-28 5:03,APHY1004
2025,1,이나영,일반물리,APHY1004-02,멀405,50,한국어,FALSE,,https://sugang.khu.ac.kr/core?attribute=lectPlan&p_year=2025&p_term=10&p_teach=040541&p_code=APHY100402&p_subjt=APHY1004&lang=ko&loginYn=N&schedule_cd=hakbu&fake=1748408341356,2025-05-28 5:03,APHY1004
2025,1,최홍,물리학1,APHY1000-02,멀405,50,한국어,FALSE,,https://sugang.khu.ac.kr/core?attribute=lectPlan&p_year=2025&p_term=10&p_teach=049104&p_code=APHY100002&p_subjt=APHY1000&lang=ko&loginYn=N&schedule_cd=hakbu&fake=1748408341823,2025-05-28 5:03,APHY1000
2025,1,최홍,일반물리,APHY1004-00,멀405,50,한국어,FALSE,,https://sugang.khu.ac.kr/core?attribute=lectPlan&p_year=2025&p_term=10&p_teach=049104&p_code=APHY100400&p_subjt=APHY1004&lang=ko&loginYn=N&schedule_cd=hakbu&fake=1748408342278,2025-05-28 5:03,APHY1004
2025,1,이남영,물리학1,APHY1000-07,멀403,50,한국어,FALSE,,https://sugang.khu.ac.kr/core?attribute=lectPlan&p_year=2025&p_term=10&p_teach=049489&p_code=APHY100007&p_subjt=APHY1000&lang=ko&loginYn=N&schedule_cd=hakbu&fake=1748408342740,2025-05-28 5:03,APHY1000
2025,1,이남영,물리학1,APHY1000-08,멀403,50,한국어,FALSE,,https://sugang.khu.ac.kr/core?attribute=lectPlan&p_year=2025&p_term=10&p_teach=049489&p_code=APHY100008&p_subjt=APHY1000&lang=ko&loginYn=N&schedule_cd=hakbu&fake=1748408343176,2025-05-28 5:03,APHY1000
2025,1,이은모,물리학및실험1,APHY1002-08,멀302,25,한국어,FALSE,실험수업 302호,https://sugang.khu.ac.kr/core?attribute=lectPlan&p_year=2025&p_term=10&p_teach=051839&p_code=APHY100208&p_subjt=APHY1002&lang=ko&loginYn=N&schedule_cd=hakbu&fake=1748408343769,2025-05-28 5:03,APHY1002
2025,1,이은모,물리학및실험1,APHY1002-09,멀304,25,한국어,FALSE,실험수업 304호,https://sugang.khu.ac.kr/core?attribute=lectPlan&p_year=2025&p_term=10&p_teach=051839&p_code=APHY100209&p_subjt=APHY1002&lang=ko&loginYn=N&schedule_cd=hakbu&fake=1748408344325,2025-05-28 5:03,APHY1002
2025,1,박기주,물리학1,APHY1000-09,전227,55,영어(부분),TRUE,생체의공학과 전용강좌,https://sugang.khu.ac.kr/core?attribute=lectPlan&p_year=2025&p_term=10&p_teach=057539&p_code=APHY100009&p_subjt=APHY1000&lang=ko&loginYn=N&schedule_cd=hakbu&fake=1748408344786,2025-05-28 5:03,APHY1000
2025,1,최정우,물리학1,APHY1000-05,멀405,50,한국어,FALSE,,https://sugang.khu.ac.kr/core?attribute=lectPlan&p_year=2025&p_term=10&p_teach=060801&p_code=APHY100005&p_subjt=APHY1000&lang=ko&loginYn=N&schedule_cd=hakbu&fake=1748408345262,2025-05-28 5:03,APHY1000
2025,1,최정우,물리학1,APHY1000-06,멀405,50,한국어,FALSE,,https://sugang.khu.ac.kr/core?attribute=lectPlan&p_year=2025&p_term=10&p_teach=060801&p_code=APHY100006&p_subjt=APHY1000&lang=ko&loginYn=N&schedule_cd=hakbu&fake=1748408345703,2025-05-28 5:03,APHY1000
2025,1,김원년,물리학및실험1,APHY1002-12,멀305,25,한국어,FALSE,실험수업 305호,https://sugang.khu.ac.kr/core?attribute=lectPlan&p_year=2025&p_term=10&p_teach=062984&p_code=APHY100212&p_subjt=APHY1002&lang=ko&loginYn=N&schedule_cd=hakbu&fake=1748408346165,2025-05-28 5:03,APHY1002
2025,1,김원년,물리학및실험1,APHY1002-13,멀306,25,한국어,FALSE,실험수업 306호,https://sugang.khu.ac.kr/core?attribute=lectPlan&p_year=2025&p_term=10&p_teach=062984&p_code=APHY100213&p_subjt=APHY1002&lang=ko&loginYn=N&schedule_cd=hakbu&fake=1748408346724,2025-05-28 5:03,APHY1002
2025,1,임재용,물리학및실험1,APHY1002-10,멀302,25,한국어,FALSE,실험수업 302호,https://sugang.khu.ac.kr/core?attribute=lectPlan&p_year=2025&p_term=10&p_teach=063892&p_code=APHY100210&p_subjt=APHY1002&lang=ko&loginYn=N&schedule_cd=hakbu&fake=1748408347157,2025-05-28 5:03,APHY1002
2025,1,임재용,물리학및실험1,APHY1002-11,멀304,25,한국어,FALSE,실험수업 304호,https://sugang.khu.ac.kr/core?attribute=lectPlan&p_year=2025&p_term=10&p_teach=063892&p_code=APHY100211&p_subjt=APHY1002&lang=ko&loginYn=N&schedule_cd=hakbu&fake=1748408347586,2025-05-28 5:03,APHY1002
2025,1,조영범,일반물리,APHY1004-03,공367호,55,한국어,FALSE,원자력공학과 전용강좌,https://sugang.khu.ac.kr/core?attribute=lectPlan&p_year=2025&p_term=10&p_teach=064108&p_code=APHY100403&p_subjt=APHY1004&lang=ko&loginYn=N&schedule_cd=hakbu&fake=1748408348029,2025-05-28 5:03,APHY1004
2025,1,김민중,물리학1,APHY1000-10,공176호,73,영어(부분),TRUE,신소재공학과 전용강좌,https://sugang.khu.ac.kr/core?attribute=lectPlan&p_year=2025&p_term=10&p_teach=064121&p_code=APHY100010&p_subjt=APHY1000&lang=ko&loginYn=N&schedule_cd=hakbu&fake=1748408348508,2025-05-28 5:03,APHY1000
2025,1,황규성,물리학1,APHY1000-00,전218,40,한국어,FALSE,응용물리학과 전용강좌,https://sugang.khu.ac.kr/core?attribute=lectPlan&p_year=2025&p_term=10&p_teach=064169&p_code=APHY100000&p_subjt=APHY1000&lang=ko&loginYn=N&schedule_cd=hakbu&fake=1748408348937,2025-05-28 5:03,APHY1000
2025,1,임혜린,물리학및실험1,APHY1002-14,멀403,25,한국어,FALSE,"응용수학과 우선배정강좌, 실험수업 305호",https://sugang.khu.ac.kr/core?attribute=lectPlan&p_year=2025&p_term=10&p_teach=064243&p_code=APHY100214&p_subjt=APHY1002&lang=ko&loginYn=N&schedule_cd=hakbu&fake=1748408349441,2025-05-28 5:03,APHY1002
2025,1,임혜린,물리학및실험1,APHY1002-15,멀403,25,한국어,FALSE,"응용수학과 우선배정강좌, 실험수업 306호",https://sugang.khu.ac.kr/core?attribute=lectPlan&p_year=2025&p_term=10&p_teach=064243&p_code=APHY100215&p_subjt=APHY1002&lang=ko&loginYn=N&schedule_cd=hakbu&fake=1748408349874,2025-05-28 5:03,APHY1002
2025,1,김경호,물리학1,APHY1000-01,전102,40,한국어,FALSE,우주과학과 전용강좌,https://sugang.khu.ac.kr/core?attribute=lectPlan&p_year=2025&p_term=10&p_teach=064248&p_code=APHY100001&p_subjt=APHY1000&lang=ko&loginYn=N&schedule_cd=hakbu&fake=1748408350313,2025-05-28 5:03,APHY1000
